municipality,canton
שעב,0
משהד,0
ריינה,0
לקיה,0
שגב שלום,0
יפיע,0
ג'דיידה-מכר,0
כאבול,0
טורעאן,0
אעבלין,0
בועיינה-נוג'ידאת,0
דיר אל-אסד,0
כאוכב אבו אל-היג'א,0
מעיליא,0
שפרעם,0
"בסמ""ה",0
כפר קרע,0
טמרה,0
ביר אל-מכסור,0
כפר ברא,0
בוסתאן אל-מרג',0
כפר כנא,0
אל-בטוף,0
נווה מדבר,0
כסייפה,0
נצרת,0
עין מאהל,0
ג'ת,0
אכסאל,0
טייבה,0
בענה,0
ערערה,0
מעלה עירון,0
רהט,0
עילוט,0
חורה,0
כפר קאסם,0
ערערה בנגב,0
זמר,0
פוריידיס,0
ג'סר א-זרקא,0
כפר מנדא,0
תל שבע,0
כפר יאסיף,0
ג'לג'וליה,0
אל קסום,0
דיר חנא,0
טירה,0
נחף,0
מג'ד אל-כרום,0
דבוריה,0
אום אל-פחם,0
בסמת טבעון,0
קלנסווה,0
באקה אל גרבייה,0
עראבה,0
סח'נין,0
מזרעה,0
אבו גוש,0
ראמה,1
סאג'ור,1
קרית טבעון,1
טובא-זנגריה,1
ע'ג'ר,1
טבריה,1
מעלה יוסף,1
פסוטה,1
חיפה,1
יאנוח - ג'ת,1
עילבון,1
יקנעם עילית,1
חדרה,1
אלונה,1
נשר,1
הגלבוע,1
פקיעין (בוקייעה),1
עכו,1
רמת ישי,1
עין קיניה,1
עמק יזרעאל,1
אליכין,1
עמק המעיינות,1
חורפיש,1
ג'וליס,1
פרדס חנה - כרכור,1
זבולון,1
מנשה,1
הגליל העליון,1
כפר כמא,1
מגידו,1
קרית אתא,1
מגדל העמק,1
עפולה,1
מרום הגליל,1
משגב,1
צפת,1
קצרין,1
כפר תבור,1
אור עקיבא,1
מטה אשר,1
הגליל התחתון,1
כרמיאל,1
שלומי,1
מסעדה,1
קרית שמונה,1
קרית ביאליק,1
גולן,1
מבואות החרמון,1
אבו סנאן,1
בית שאן,1
מטולה,1
בוקעאתא,1
עמק הירדן,1
גוש חלב (ג'יש),1
חריש,1
כעביה - טבאש - חג'אג'רה,1
קרית מוצקין,1
יסוד המעלה,1
חצור הגלילית,1
מג'אר,1
קרית ים,1
כפר ורדים,1
מג'דל שמס,1
יבנאל,1
זכרון יעקב,1
בנימינה - גבעת עדה,1
ירכא,1
טירת כרמל,1
מעלות-תרשיחא,1
חוף הכרמל,1
נהריה,1
ראש פינה,1
מגדל,1
זרזיר,1
כסרא - סמיע,1
ירוחם,2
רמלה,2
אופקים,2
בית ג'ן,2
פרדסיה,2
אלעד,2
בני שמעון,2
אבן יהודה,2
נתניה,2
בני ברק,2
עומר,2
גבעת שמואל,2
אשדוד,2
שהם,2
אור יהודה,2
שער הנגב,2
רמת נגב,2
חוף השרון,2
רמת השרון,2
שדרות,2
להבים,2
בת ים,2
קדימה - צורן,2
הרצליה,2
ראשון לציון,2
הוד השרון,2
קרית יערים,2
לב השרון,2
נתיבות,2
גן יבנה,2
מודיעין-מכבים-רעות,2
חבל אילות,2
מטה יהודה,2
שפיר,2
ראש העין,2
גבעתיים,2
ערד,2
גן רוה,2
פתח תקווה,2
מזכרת בתיה,2
ברנר,2
באר יעקב,2
רחובות,2
גזר,2
באר טוביה,2
לכיש,2
דרום השרון,2
עמק חפר,2
מבשרת ציון,2
אילת,2
ירושלים,2
תל אביב -יפו,2
קרית עקרון,2
חולון,2
יואב,2
כפר סבא,2
כוכב יאיר,2
"בני עי""ש",2
גדרה,2
רמת גן,2
נס ציונה,2
מצפה רמון,2
תל מונד,2
אזור,2
כפר יונה,2
קרית גת,2
באר שבע,2
יבנה,2
קרית מלאכי,2
דימונה,2
גדרות,2
מרחבים,2
לוד,2
נחל שורק,2
דאלית אל-כרמל,2
יהוד -מונסון,2
קרית אונו,2
שדות נגב,2
תמר,2
הערבה התיכונה,2
עוספייא,2
חבל יבנה,2
רעננה,2
סביון,2
אשכול,2
כפר שמריהו,2
מיתר,2
חבל מודיעין,2
בית שמש,2
גני תקווה,2
אשקלון,2
בית דגן,2
חוף אשקלון,2
רכסים,2
